Scenario,ΔEVE,ΔEVE_%,ΔNII
S1: +200bps Parallel,-28.835001058836497,-0.1549931692123541,342.71155911257654
S2: -200bps Parallel,29.574462090946326,0.1589679014706218,-342.71155911257654
S3: Short Rate Up (Steepener),-27.88510841258176,-0.149887330258018,340.5907361509841
S4: Flattener,-26.933626724072383,-0.1447729499238998,338.46991318939166
