Scenario,ΔEVE,ΔEVE_%,ΔNII
(a) +200 bps Parallel,-804.1875187846017,-4.610912325976935,116.34259397378858
(b) −200 bps Parallel,888.9670771318997,5.097006802008141,-116.34259397378858
(c) Steepener (Short Up),-133.225949325868,-0.7638680749671757,114.29632676127787
(d) Flattener,303.210979141033,1.7384990545561974,111.22692594251174
