{
  "calculation_date": "2023-12-30",
  "current_balance": 18651.70481694874,
  "core_amount": 15586.373727163209,
  "core_ratio_pct": 83.56541066959159,
  "non_core_amount": 3065.33108978553,
  "non_core_ratio_pct": 16.43458933040841,
  "method": "Detrended Regression"
}