Method,Core_Ratio_%,Core_Amount,EVE_Base,ΔEVE_S1,ΔNII_S2,Δ_vs_Static_pct,ΔEVE_vs_Static,ΔNII_vs_Static
Static (Historical Min),50.99255292789506,9510.98045073734,18604.046362410998,-28.835001058836497,-342.7115591125766,0.0,0.0,0.0
Trend-Based,62.99255292789506,11749.185028771188,18593.20717495975,-35.389853908258374,-335.81631084878006,12.0,-6.554852849421877,6.895248263796532
Volatility-Based,73.40645218616338,13691.554778357808,18583.80065777986,-41.07831867715868,-329.83244245045285,22.413899258268316,-12.24331761832218,12.87911666212375
Regime-Switching,60.0,11191.022890169243,18595.91024513836,-33.755208567727095,-337.5358437971457,9.007447072104938,-4.9202075088905985,5.175715315430921
Rolling 2Y Min,94.5733281246593,17639.537997375814,18564.681346441972,-52.640465098742425,-317.66987040337693,43.580775196764236,-23.805464039905928,25.04168870919966
Growth-Adjusted,67.00559779314624,12497.686311209556,18589.582329497687,-37.58193045574808,-333.5103991288083,16.013044865251175,-8.746929396911582,9.20115998376832
