Scenario,EVE,ΔEVE,ΔEVE_%
Base Case,17440.96313117849,0.0,0.0
(a) +200 bps Parallel,16636.77561239389,-804.1875187846017,-4.610912325976935
(b) −200 bps Parallel,18329.93020831039,888.9670771318997,5.097006802008141
(c) Steepener (Short Up),17307.737181852623,-133.225949325868,-0.7638680749671757
(d) Flattener,17744.174110319524,303.210979141033,1.7384990545561974
