Scenario,EVE,ΔEVE,ΔEVE_%
Base Case,18604.046362410998,0.0,0.0
S1: +200bps Parallel,18575.21136135216,-28.835001058836497,-0.15499316921235418
S2: -200bps Parallel,18633.620824501944,29.574462090946326,0.15896790147062187
S3: Short Rate Up (Steepener),18576.161253998416,-27.885108412581758,-0.149887330258018
S4: Flattener,18577.112735686926,-26.933626724072383,-0.14477294992389983
