Metric,Value
Base_EVE,18604.046362410998
Worst_Case_Scenario,S1: +200bps Parallel
Worst_Case_ΔEVE,-28.835001058836497
Worst_Case_ΔEVE_%,-0.15499316921235418
Effective_Duration,0.078490267670744
Effective_Convexity,0.09936830645620379
