year,bal_median,bal_5pctl,rate_median,dEVE_mean,dEVE_var,dEVE_es,dNII_mean,dNII_var,dNII_es,worst_dEVE_mean,worst_dEVE_var,worst_dEVE_es,worst_dNII_mean,worst_dNII_var,worst_dNII_es
1,20313.345055588194,15257.990585339347,0.03196168629193705,1816.6398306127749,-3164.871030489999,-4079.03937775435,21.822893472469673,-80.6267970959967,-101.5016150086626,933.3116102240537,-3809.6414054026336,-4688.767005536535,-106.44135870519165,-185.10289898425904,-185.1028989842591
2,22275.79024765631,14803.719399090169,0.0318114094173786,3924.666073657438,-3627.038154988264,-4815.197777874359,46.141665462248774,-87.09066905287477,-108.38048473060233,2945.2300215570517,-4291.048977624131,-5394.906571514339,-95.12490968122161,-185.10289898425904,-185.10289898425913
3,24006.581479220105,14750.476161828545,0.03229161498145344,6141.245229455661,-3580.1229497820923,-4961.426363417483,71.69970022936934,-80.16926299770002,-105.10745833612,5060.856845110735,-4232.75525537562,-5541.0303840148335,-84.35239926406305,-185.10289898425904,-185.1028989842591
4,26547.265538014602,15009.43963495545,0.031857971013099284,8535.855173733627,-3683.995155430431,-5358.053552439893,93.03540596045129,-76.18554958751638,-107.70391328685893,7344.060923515726,-4268.7828868901715,-5906.858613428361,-77.13350309903082,-185.10289898425904,-185.10289898425904
5,28800.79628189589,15295.256660649167,0.03161804292861152,11273.371011252746,-3141.5614850805828,-4868.787173135149,121.35232180286528,-77.40910061158426,-105.30492398152775,9955.059313865451,-3792.7023025599956,-5444.22411651721,-66.02062191286235,-185.10289898425904,-185.10289898425907
