Model,RMSE,MAPE_%,Decay_RMSE
Simple Average,16188.500729509307,85.2929909738943,0.0037012448306701683
OLS Regression,16612.975024842002,88.06416409656539,0.005281406817734394
Ridge Regression,16457.764632570786,87.10083104550426,0.003877116246373417
Random Forest,16203.899258049409,85.40051605012344,0.0033261185255290134
