Method,Core_Amount,Core_Ratio_%,Non_Core_Amount,Type
Phase 1c (Historical Min),9510.98045073734,50.99255292789506,9140.7243662114,Baseline
Quantile Regression (10th),18651.70481694875,100.00000000000007,-1.0913936421275139e-11,ML Individual
Random Forest Quantile,18634.92566613317,99.91003958629926,16.779150815567846,ML Individual
LightGBM Quantile,18407.32119244935,98.6897518114413,244.38362449938722,ML Individual
Gradient Boosting Quantile,18636.713246345145,99.91962359070807,14.991570603593573,ML Individual
ML Ensemble v2 (FINAL),18583.415808999285,99.63387256757677,68.28900794945366,ML Ensemble
