Scenario,ΔNII,ΔNII_%_of_Base
(a) +200 bps Parallel,116.34259397378858,31.18819301388162
(b) −200 bps Parallel,-116.34259397378858,-31.18819301388162
(c) Steepener (Short Up),114.29632676127787,30.639646049249393
(d) Flattener,111.22692594251174,29.816825602301034
