Scenario,ΔNII,ΔNII_%_of_Base
S1: +200bps Parallel,342.71155911257654,91.87137649775478
S2: -200bps Parallel,-342.71155911257654,-91.87137649775478
S3: Short Rate Up (Steepener),340.5907361509841,91.30284322360998
S4: Flattener,338.46991318939166,90.73430994946517
