Beta,Beta_Pct,dNII_S1,dNII_S2,dNII_S3,dNII_S4,Worst_dNII
0.0,0.0,342.7115591125766,-342.7115591125766,340.590736150984,338.4699131893916,-342.7115591125766
0.2,20.0,274.1692472900613,-274.1692472900613,272.4725889207873,270.7759305515133,-274.1692472900613
0.4,40.0,205.6269354675459,-205.6269354675459,204.35444169059045,203.081947913635,-205.6269354675459
0.6,60.0,137.08462364503066,-137.08462364503066,136.23629446039365,135.38796527575664,-137.08462364503066
0.8,80.0,68.54231182251532,-68.54231182251532,68.11814723019681,67.6939826378783,-68.54231182251532
1.0,100.0,0.0,0.0,0.0,0.0,0.0
