Core_Ratio,Core_Ratio_Pct,EVE_Base,dEVE_S1,dEVE_S2,dEVE_S3,dEVE_S4,dNII_S1,dNII_S2,dNII_S3,dNII_S4,Worst_dEVE,Worst_dNII
0.4,40.0,18613.975557557093,-22.83045381867487,23.414658796522417,-22.085273793552915,-21.33884727846089,349.02792423680654,-349.02792423680654,347.34231944109007,345.65671464537365,-22.83045381867487,-349.02792423680654
0.5,50.0,18604.942901347724,-28.292831193197344,29.018273657267855,-27.361422707337624,-26.428456109370018,343.28188401697616,-343.28188401697616,341.2003583021331,339.11883258729,-28.292831193197344,-343.28188401697616
0.6,60.0,18595.91024513836,-33.755208567727095,34.62188851800238,-32.637571621136885,-31.51806494029006,337.5358437971457,-337.5358437971457,335.0583971631759,332.58095052920623,-33.755208567727095,-337.5358437971457
0.7,70.0,18586.877588928983,-39.21758594224957,40.225503378751455,-37.91372053491796,-36.60767377119191,331.78980357731524,-331.78980357731524,328.91643602421897,326.0430684711226,-39.21758594224957,-331.78980357731524
0.8,80.0,18577.84493271961,-44.67996331676477,45.82911823949689,-43.189869448702666,-41.697282602093765,326.0437633574848,-326.0437633574848,322.77447488526184,319.50518641303887,-44.67996331676477,-326.0437633574848
