Percentile,Threshold,N_Stress_Days,Pct_Stress_Days,Min_Balance_Stress,Min_Balance_Normal,Min_Balance_Overall,Avg_Decay_Stress,Avg_Decay_Normal,Decay_Ratio
75,0.021547144220804077,639,25.0,9510.98045073734,9595.873656112271,9510.98045073734,0.023432765471768733,0.016925359817978682,1.3844766506457173
80,0.021929589715829235,511,19.992175273865413,9510.98045073734,9595.873656112271,9510.98045073734,0.023854654489257072,0.01722724863741564,1.3847048354226137
85,0.022347388297868108,384,15.023474178403756,9510.98045073734,9595.873656112271,9510.98045073734,0.024428007396860515,0.017513396439747198,1.3948183883635725
90,0.023140481772950236,256,10.015649452269171,9510.98045073734,9595.873656112271,9510.98045073734,0.02528536873418334,0.017802781526771484,1.4203043887360907
95,0.025276060055593456,128,5.007824726134586,9510.98045073734,9595.873656112271,9510.98045073734,0.026682385824436387,0.01812360235667113,1.4722451585136909
