Stress_Multiplier,Label,Lambda_Stressed,EVE_Base,dEVE_S1,dNII_S1,dEVE_S2,dNII_S2,dEVE_S3,dNII_S3,dEVE_S4,dNII_S4,Worst_dEVE,Worst_dNII
1.0,1.0x (Base),0.018552211231427,18604.046362410998,-28.835001058836497,342.7115591125766,29.574462090946326,-342.7115591125766,-27.885108412581758,340.590736150984,-26.933626724068745,338.4699131893916,-28.835001058836497,-342.7115591125766
1.5,1.5x Stress,0.027828316847140502,18619.140097240837,-19.75811171699752,352.277836626318,20.22414100662354,-352.277836626318,-19.31390677881791,350.6239903834415,-18.869280441926094,348.97014414056486,-19.75811171699752,-352.277836626318
2.0,2.0x Stress,0.037104422462854,18626.60774764667,-15.266184347048693,357.0306438892048,15.609892105556355,-357.0306438892048,-15.005041328648076,355.66896786776266,-14.743720618309453,354.3072918463206,-15.266184347048693,-357.0306438892048
