Bucket,Core_CF,Non_Core_CF
O/N,0.0,3065.33108978553
1M,1841.6079508892942,0.0
2M,231.10496738174163,0.0
3M,307.76386118193494,0.0
6M,36.96026515458049,0.0
9M,1234.168962773346,0.0
1Y,508.77483854067515,0.0
2Y,749.0107426385384,0.0
3Y,74.46820400046762,0.0
4Y,2065.723936616052,0.0
5Y,8536.78999798658,0.0
