Bucket,Cumulative_CF,Cumulative_Pct
O/N,3065.33108978553,16.434589330408418
1M,4906.939040674824,26.30826023053885
2M,5138.044008056566,27.54731569302793
3M,5445.807869238501,29.197373230407948
6M,5482.768134393081,29.395533481802204
9M,6716.937097166427,36.01245657213473
1Y,7225.7119357071015,38.740222444122765
2Y,7974.72267834564,42.755998749771315
3Y,8049.190882346107,43.15525557230477
4Y,10114.91481896216,54.23051092772373
5Y,18651.70481694874,100.0
