Bucket,CF_Percent
O/N,16.434589330408418
1M,9.873670900130435
Other,3.0872732512633543
9M,6.616923090332532
Other,2.72776587198803
2Y,4.01577630564856
Other,0.39925682253344813
4Y,11.075255355418964
5Y,45.76948907227627
