Method,Core_Amount,Core_Ratio_%,Non_Core_Amount,Recommended
1. Historical Minimum,9510.98045073734,50.99255292789506,9140.7243662114,★ PRIMARY
2. 5th Percentile,10584.558241686891,56.74847605388189,8067.146575261848,
2. 10th Percentile,11835.620609473111,63.455972124961605,6816.084207475627,
2. 25th Percentile,13026.834561319216,69.84259449292686,5624.870255629523,
3. Rolling Min (180d),9510.98045073734,50.99255292789506,9140.7243662114,
3. Rolling Min (365d),9510.98045073734,50.99255292789506,9140.7243662114,
3. Rolling Min (730d),9510.98045073734,50.99255292789506,9140.7243662114,
4. Monthly Avg Min,10000.0,53.614401997789685,8651.704816948739,
