Core_Ratio,Core_Ratio_%,Core_Amount,Non_Core_Amount,Non_Core_%,Method
0.4,40.0,7460.681926779496,11191.022890169243,60.0,
0.5,50.0,9325.85240847437,9325.85240847437,50.0,
0.51,51.0,9512.369456643857,9139.335360304882,49.0,← PRIMARY (Historical Min)
0.6,60.0,11191.022890169243,7460.681926779496,40.0,
0.7,70.0,13056.193371864116,5595.511445084622,30.000000000000004,
0.8,80.0,14921.363853558993,3730.340963389747,19.999999999999996,
0.9,90.0,16786.534335253866,1865.1704816948734,9.999999999999998,
