Model,Core_Ratio_%,CV_Accuracy,CV_Std,Ensemble_Weight
K-Means,46.36150234741784,,,15.0
Random Forest,46.35989552750298,0.9800727739726028,0.03342883392565483,25.0
XGBoost,46.36162221431732,0.9992172211350294,0.0015655577299412916,25.0
LightGBM,46.36150601282851,0.9781173556751467,0.03481555118183626,25.0
Logistic Regression,46.36720078016319,0.996875,0.00625,10.0
Ensemble,46.36170124943419,,,100.0
