Method,Core_Ratio_%,Core_Amount,Non_Core_Amount,Type
Phase 1c (Historical Min),50.99255292789506,9510.98045073734,9140.7243662114,Baseline
K-Means,46.36150234741784,8647.210566543135,10004.494250405603,ML Individual
Random Forest,46.35989552750298,8646.910867235676,10004.793949713065,ML Individual
XGBoost,46.36162221431732,8647.2329237634,10004.471893185339,ML Individual
LightGBM,46.36150601282851,8647.211250204713,10004.493566744024,ML Individual
Logistic Regression,46.36720078016319,8648.273421397991,10003.431395550748,ML Individual
ML Ensemble (FINAL),46.36170124943419,8647.247665160101,10004.457151788638,ML Ensemble
