Model,O/N_pct,1M_pct,3M_pct,6M_pct,1Y_pct,2Y_pct,3Y_pct,4Y_pct,5Y_pct,WAM_Years
Exponential,17.98491248079168,34.36731769543962,11.677230583562544,12.619236125143859,0.44245994288208845,0.08976098817395661,9.651969592084237e-05,1.037873121739411e-07,1.1172229068557105e-10,0.13191017487988865
Weibull,20.43696915044696,6.534957986387156,1.485003108907737,2.898087937000516,1.54544471362978,3.94588742393276,2.5695980853570433,1.9414211242304973,54.50398119811268,2.689612997095686
KaplanMeier,16.434589330408475,9.873670900130428,1.6500575373800193,0.19816025139425755,2.7277658719880282,4.015776305648557,0.39925682253344785,11.075255355418957,45.76948907227623,2.5929993051425697
LogNormal,18.563498843522027,6.374043442031152,1.488641164562112,2.851865464000842,1.4571821947922459,3.609367661643696,2.2675575666256638,1.6724392352562765,57.62401814901956,2.806510561970689
LogLogistic,23.818670639891916,8.212883487079553,1.490317414085662,2.741651984635027,1.324384577859889,3.195633015135172,1.9570976038012302,1.4228189476963449,51.77132656569123,2.5190718087600033
Flat,16.434589330408475,0.0,0.0,0.0,0.0,0.0,0.0,0.0,69.83177860377482,3.643227801463834
