Method,Description,Core_Amount,Core_Ratio_%,Non_Core_Amount
1. Mean Reversion (Vasicek),Long-run mean from ΔB regression,18365.875462110846,98.46754300669524,285.82935483789333
2. Detrended Regression,Current + Min(Residual from trend),15586.373727163198,83.56541066959153,3065.331089785541
3. Quantile Regression (10th),10th percentile on time,18433.415758985648,98.8296562694648,218.28905796309118
4. Exponential Growth,Floor from growth model,11372.113761407452,60.97090787686953,7279.591055541287
