Model,S(1Y),S(5Y),R²,RMSE,Interpretation,S(1Y)_%,S(5Y)_%
1. Exponential (Baseline),0.0010752967172530162,1.4376117038804594e-15,-23.012738190224702,0.7026126862171139,Fast decay - LOW 5Y allocation,0.10752967172530162,1.4376117038804594e-13
2. Weibull,0.7534323989691553,0.6334081630212904,-1.0163874214040804,0.20360204413167957,Decreasing hazard,75.34323989691552,63.34081630212904
3. Kaplan-Meier,0.7330757674140038,0.46528770309742984,,,"Non-parametric, data-driven",73.30757674140038,46.52877030974298
4. Log-Normal,0.7799086020199627,0.673643694205203,-0.9060334735750419,0.19786908919297272,Fat-tailed - HIGHER 5Y allocation,77.99086020199627,67.3643694205203
5. Log-Logistic,0.6982180266309124,0.6061158513018069,-0.895418578290345,0.1974002556188073,Non-monotonic hazard,69.82180266309123,60.61158513018069
6. Flat/Constant (Regulatory),0.8356541066959153,0.8356541066959153,,,Stable core (83.6%) - MAXIMUM 5Y allocation,83.56541066959153,83.56541066959153
