Method,Description,Core_Amount,Core_Ratio_%,Non_Core_Amount,Non_Core_%
1. OLS Exponential Decay,Exponential decay to asymptotic floor,25647.171752108334,137.50577764238923,-6995.466935159595,-37.505777642389226
2. Mean Reversion (Vasicek),Long-run mean of mean-reverting process,18365.875462110846,98.46754300669524,285.82935483789333,1.532456993304765
3. Kalman Filter (90d avg),Optimal signal extraction,18119.960427797298,97.14908425599656,531.7443891514413,2.850915744003446
4. Quantile Regression (10th),Robust lower quantile estimate,18433.415758985648,98.8296562694648,218.28905796309118,1.170343730535195
5. Survival Analysis (5Y),5-year deposit survival rate (Basel-aligned),12491.495398375484,66.97240558420432,6160.209418573255,33.02759441579568
6. Volatility-Based (95% CI),Mean minus volatility buffer,9579.888859075643,51.36200123846283,9071.815957873096,48.63799876153717
7. HP Filter (Trend),Trend-cycle decomposition,18404.763841907647,98.67604072944206,246.94097504109232,1.3239592705579284
