Horizon_Days,Horizon_Years,Min_Balance,Survival_Rate,Survival_Rate_%,Survived_Amount,Withdrawn_Amount
365,0.999315537303217,17639.537997375814,0.945733281246593,94.5733281246593,17639.537997375814,1012.1668195729253
730,1.998631074606434,17639.537997375814,0.945733281246593,94.5733281246593,17639.537997375814,1012.1668195729253
1095,2.9979466119096507,16787.685428790715,0.9000617151916217,90.00617151916217,16787.685428790715,1864.0193881580235
1460,3.997262149212868,13227.954750375338,0.7092088835951951,70.92088835951951,13227.954750375338,5423.7500665734005
1825,4.996577686516085,12491.495398375484,0.6697240558420432,66.97240558420432,12491.495398375484,6160.209418573255
