Model,S(1Y),S(5Y),R²,RMSE,Interpretation,S(1Y)_%,S(5Y)_%
1. Exponential (Baseline),0.3481882628602799,0.005117650657043078,0.9556958294302749,0.04182661121911433,Fast decay - LOW 5Y allocation,34.818826286027985,0.5117650657043078
2. Weibull,0.26272438606569587,0.0026727456880288936,0.9997331472953663,0.003246132021674557,Decreasing hazard,26.272438606569587,0.26727456880288936
3. Portfolio KM (Aggregate Proxy),0.7330757674140038,0.46528770309742984,,,"Non-parametric, data-driven",73.30757674140038,46.52877030974298
4. Log-Normal,0.23979794927933717,0.013058455912780875,0.9933196068289413,0.0161836042235688,Fat-tailed - HIGHER 5Y allocation,23.979794927933717,1.3058455912780875
5. Log-Logistic,0.22906923203337892,0.02049477428930752,0.9880337889048588,0.021737455419652867,Non-monotonic hazard,22.906923203337893,2.049477428930752
6. Flat/Constant (Regulatory),0.8356541066959159,0.8356541066959159,,,"COMPARISON ONLY — zero intermediate CFs, not valid for slotting. Stable core (83.6%)",83.56541066959159,83.56541066959159
